ttr,mattr,avg_word_len,total_words,avg_sent_len,std_sent_len,avg_dep_depth,subord_ratio,noun_ratio,verb_ratio,adj_ratio,filler_rate,repetition_rate,cohort_rate,first_person_rate,pronoun_types,flesch_reading_ease,fk_grade,gunning_fog,item_id,birth_year,recording_year,age,branch,bert_pc1,bert_pc2,bert_pc3,bert_pc4,bert_pc5,bert_pc6,bert_pc7,bert_pc8,bert_pc9,bert_pc10,vader_compound,vader_pos,vader_neg,vader_neu,nrc_anger,nrc_fear,nrc_joy,nrc_sadness,nrc_trust,nrc_anticipation,first_person_word_rate,function_word_rate
0.170162558993183,0.750917007520781,4.002359727320399,7628,17.141573033707864,13.952735698801908,2.61403122938201,0.0600395865405762,0.12227842533538597,0.10600395865405762,0.037717176160105566,0.0,0.001048767697954903,0.00013109596224436288,0.07551127425275302,44,73.90565755297335,7.527275461380725,9.924265208475736,afc2001001_01070,1917,2002,85,army,0.044584624,-0.04826547,-0.086778075,-0.05019894,0.020403998,-0.017719336,-0.006226707,0.039271068,0.021536374,0.010560617,0.9998,0.078,0.046,0.877,0.0,0.0,0.0,0.0,0.0,0.0,0.06565003876970793,0.24747996898423366
0.35350553505535054,0.7854977029096479,4.302583025830258,1355,23.362068965517242,12.431464911960807,3.358652575957728,0.0548216644649934,0.1644649933949802,0.11360634081902246,0.04095112285336856,0.0,0.0,0.0007380073800738007,0.06199261992619926,19,67.49616572036908,9.880052005579895,11.73285528988522,afc2001001_05816,1921,2003,82,army air forces/corps,-0.18997452,-0.02707821,-0.16915208,0.0913983,0.23600784,-0.04951547,0.012931538,0.06731582,-0.043935604,-0.043331955,0.9852,0.089,0.066,0.845,0.0,0.0,0.0,0.0,0.0,0.0,0.05799151343705799,0.272984441301273
0.13619474695707878,0.7181768953068592,3.8989109545163356,7805,10.992957746478874,8.415191225659214,2.1017657507052556,0.06143558666805976,0.11660223592101139,0.10960192247414063,0.022359210113885697,0.0,0.0039718129404228055,0.0029468289557975655,0.08942985265855222,45,82.99579130426912,4.85466383572879,7.396857066374437,afc2001001_00156,1917,2002,85,army,0.071263514,-0.06388698,-0.020645268,-0.08416975,0.010417892,0.060849775,0.03923389,-0.0124737965,-0.0301555,-0.016443623,0.9998,0.073,0.038,0.889,0.0,0.0,0.0,0.0,0.0,0.0,0.08165046123161307,0.22911992021939667
0.23138510808646917,0.755440778799351,4.110755270883374,3747,18.10144927536232,16.666502834733524,2.8134655291676274,0.06433018215356237,0.1364998847129352,0.11321189762508646,0.04173391745446161,0.0,0.0026688017080330933,0.0024019215372297837,0.05951427808913798,39,70.46728914004173,8.464559393695598,11.066373956184721,afc2001001_04957,1921,2003,82,army,-0.033040103,-0.048259366,-0.053257726,-0.0073589543,-0.06073115,-0.033257008,0.0030501066,-0.0069288015,-0.0038943356,0.01157839,0.9987,0.092,0.065,0.844,0.0,0.0,0.0,0.0,0.0,0.0,0.05665349143610013,0.23926218708827404
0.13469148468415654,0.6877413640389726,3.8294005569397624,6823,14.30398322851153,11.65461393880603,2.3457101658255226,0.06621004566210045,0.09516943042537851,0.1099495313626532,0.03436673876472002,0.0,0.017587571449509013,0.0032243880990766526,0.08412721676681811,43,78.49618080664467,7.0583430253451205,9.203967655194317,afc2001001_20996,1923,2005,82,marine corps,-0.08024494,-0.023762269,0.04878451,-0.010238778,-0.030132642,-0.013443075,0.001761686,-0.048859436,-0.04622895,0.009471912,0.9997,0.087,0.055,0.858,0.0,0.0,0.0,0.0,0.0,0.0,0.07291952760230706,0.22219170557539136
0.1842586943258084,0.7036110250851657,3.6638194020744357,3278,11.833935018050541,12.137354848177539,2.290002420721375,0.059791817961752605,0.10578552408617768,0.1205519244734931,0.032195594287097555,0.001525320317266626,0.007931665649786455,0.0,0.09182428309945088,42,88.66089535236938,4.543915769831628,6.8020222183648675,afc2001001_48889,1919,2007,88,unknown,0.06804697,-0.02666941,0.01820726,0.05601494,0.007691071,-0.0020780005,-0.015961725,0.027396357,-0.008330093,0.0018684642,0.9988,0.083,0.046,0.87,0.0,0.0,0.0,0.0,0.0,0.0,0.08311537343795408,0.2034292356873002
0.18881252386407027,0.7273000578146078,4.027873234058801,5238,13.160804020100503,10.068322948323749,2.5465264499681326,0.06739961759082218,0.12221159974506055,0.1035691523263225,0.0455704270235819,0.00038182512409316535,0.005154639175257732,0.000572737686139748,0.06013745704467354,44,76.5135795467038,6.208639310381653,8.825064676585663,afc2001001_48906,1920,2007,87,army,0.13519882,-0.0443364,-0.019309266,0.0010704957,-0.030668594,0.0012697638,0.023735875,-0.0052054524,0.01942086,0.028858492,0.9998,0.103,0.057,0.84,0.0,0.0,0.0,0.0,0.0,0.0,0.05060690943043884,0.2504201680672269
0.15936165430433805,0.7251909090909091,3.8435603506405935,4449,12.567796610169491,9.526779514265817,2.158698418469369,0.06253408471187057,0.10252681330667152,0.12197782221414288,0.022541356117069623,0.0,0.0026972353337828725,0.0002247696111485727,0.059788716565520345,36,88.9723731948033,4.442486292585915,7.092456668844604,afc2001001_48899,1925,2007,82,navy,-0.045666985,-0.03041005,0.077145055,-0.007394618,0.0073532187,0.007919001,-0.036358465,-0.03256895,0.008770649,0.026794454,0.9998,0.106,0.044,0.85,0.0,0.0,0.0,0.0,0.0,0.0,0.0533128565160158,0.20491443615620886
0.1716937354988399,0.7414469507101087,3.8289691746768315,6034,9.128593040847202,7.232268168535769,1.8575415282392027,0.04318936877076412,0.10803986710963455,0.10990033222591362,0.036544850498338874,0.00033145508783559825,0.004474643685780577,0.0008286377195889957,0.06479946967185947,38,90.32979023469113,3.400069490153765,5.71727434583221,afc2001001_05555,1920,2003,83,army,-0.0110367015,0.018876618,-0.047321923,0.06244009,0.021947993,0.046562757,-0.015525999,-0.029065972,0.026111702,0.0012099576,0.9999,0.095,0.043,0.862,0.0,0.0,0.0,0.0,0.0,0.0,0.057886178861788616,0.21365853658536585
0.1271651880016899,0.6756704533389956,3.7182087029995774,9468,9.147826086956522,6.958287215585828,1.773234510326449,0.04963357761492338,0.09443704197201866,0.12141905396402398,0.022151898734177215,0.0,0.018377693282636248,0.0028517110266159697,0.10720321081537812,41,93.47593731716731,2.4441848306424525,4.6967024759438845,afc2001001_20699,1918,2004,86,army,0.0074025523,0.044172175,-0.032287963,-0.02106294,-0.0019288012,0.027635721,0.014461787,-0.047165502,-0.015277172,-0.014505212,0.9878,0.077,0.066,0.857,0.0,0.0,0.0,0.0,0.0,0.0,0.08720810084728249,0.2118206240958876
0.12138284250960307,0.7411400651465797,3.7808792146820314,11715,12.215849843587069,9.215207038003063,2.1353790613718413,0.06462093862815885,0.10851985559566787,0.1184115523465704,0.02851985559566787,0.0,0.0029022620571916347,0.0005121638924455825,0.07861715749039692,51,88.8766801898778,4.242749716352254,6.666848831931908,afc2001001_20414,1923,2004,81,navy,-0.03789116,0.026365945,0.041884404,0.046067785,-0.02285238,-0.03877193,-0.01682773,-0.060149584,-0.020875597,0.005406708,0.9641,0.09,0.08,0.829,0.0,0.0,0.0,0.0,0.0,0.0,0.06940010082339103,0.2122332381112418
0.17147487844408427,0.71111583074661,3.833387358184765,6170,11.707779886148007,9.687429804112876,2.2510868133315767,0.06797523382953498,0.11987880384666053,0.12001053879594256,0.02674219470425504,0.0009724473257698541,0.005348460291734198,0.0019448946515397082,0.06385737439222042,46,87.4929296138357,4.388403115353416,6.840677499301908,afc2001001_53576,1923,2008,85,army,0.051684458,0.035610247,-0.005716888,0.019095026,0.017239358,-0.0017361644,0.021534141,-0.018654844,0.01696617,0.0028062894,0.9931,0.055,0.046,0.9,0.0,0.0,0.0,0.0,0.0,0.0,0.05390159824506424,0.23660294578502036
0.208998168977243,0.7218441971383147,3.9155113784985613,3823,12.700996677740864,9.686633202202348,2.2458378378378376,0.06097297297297297,0.12972972972972974,0.10918918918918918,0.03351351351351351,0.0,0.011509285901124771,0.0023541721161391576,0.06460894585404132,40,84.13585806592454,5.015755325737413,7.390303657429491,afc2001001_01507,1919,2002,83,navy,-0.049233016,-0.0069761793,0.067751035,0.055973597,-0.0130986525,-0.01727274,0.030128337,0.02533045,0.0075903274,0.06025453,0.9993,0.079,0.045,0.876,0.0,0.0,0.0,0.0,0.0,0.0,0.057474161835139904,0.2210738593395513
0.11367863785949349,0.7320137841912557,3.9319645156674774,13978,12.039621016365203,7.87434573705041,2.081037758252197,0.05824032296366659,0.12983851816670625,0.11915222037520778,0.03526478271194491,7.154099298898269e-05,0.0007154099298898269,0.0028616397195593076,0.08119902704249535,49,84.43756506855017,4.631869323921052,6.7599311233928265,afc2001001_20706,1919,2004,85,army,0.048529867,0.007939563,-0.0015490169,-0.017164452,0.010642518,0.022738514,-0.020538775,-0.02666477,-0.006610135,0.0028060025,0.9991,0.069,0.059,0.871,0.0,0.0,0.0,0.0,0.0,0.0,0.07219214216298764,0.22705817020685826
0.18592756427978988,0.7344439805149616,3.9966823334254906,7234,18.54871794871795,17.50740314903987,2.7248441674087265,0.0548753339269813,0.11843276936776491,0.11019590382902938,0.034728406055209264,0.000552944429084877,0.005114735969035112,0.0016588332872546309,0.0646944982029306,45,73.4430484456849,8.104058014207272,10.49359270141582,afc2001001_52697,1925,2008,83,army,-0.009429267,-0.018417614,-0.04259272,-0.053135324,-0.016481673,-0.05751121,-0.016859304,0.019039102,0.08808565,0.0071549364,0.999,0.084,0.062,0.855,0.0,0.0,0.0,0.0,0.0,0.0,0.055398682264353905,0.23302406884496438
0.15534144692359703,0.7445981498769414,3.892072346179851,11832,18.31578947368421,15.466611344505766,2.6490847261413792,0.059619419723609,0.13935315823746472,0.12177121771217712,0.04116923522176398,8.451656524678837e-05,0.007352941176470588,0.003465179175118323,0.06651453684922244,48,77.83232554339554,7.642251419531416,10.040098188124585,afc2001001_11293,1924,2004,80,army,-0.007143036,0.014696396,-0.0040141298,-0.03460056,0.014854037,-0.027507246,0.046102103,0.022551006,0.015289615,0.042415094,0.9998,0.082,0.061,0.857,0.0,0.0,0.0,0.0,0.0,0.0,0.05949543923083244,0.2283671624619936
0.19617674710122218,0.7518837833570189,4.115794421811344,6382,14.182222222222222,11.58342280807436,2.631501733795679,0.06001600426780475,0.13496932515337423,0.10936249666577753,0.041344358495598824,0.0007834534628643058,0.002977123158884362,0.00031338138514572234,0.07599498589783767,38,73.18123994128322,7.148512985694627,9.715601202695431,afc2001001_48902,1920,2007,87,navy,0.049752373,-0.11689537,0.0014760538,-0.069771,0.054352023,0.02204908,0.014129829,0.020576756,-0.022305561,0.048501547,0.9999,0.099,0.047,0.854,0.0,0.0,0.0,0.0,0.0,0.0,0.06815728604471859,0.24548959136468773
0.16617429837518463,0.7317333730099687,3.901477104874446,6770,13.512974051896208,12.579580265573622,2.402859545836838,0.05827225759942328,0.09671993271656855,0.11798630301573952,0.035924546437582604,0.00014771048744460856,0.0048744460856720824,0.0011816838995568684,0.09615952732644018,43,80.99890671010192,5.70286455184733,8.051218618002551,afc2001001_20707,1922,2004,82,army,-0.0045911227,0.003507872,-0.04303151,-0.0323916,0.001200833,-0.02657248,-0.00021346932,0.0038839704,0.013187591,-0.018537778,0.9999,0.103,0.056,0.841,0.0,0.0,0.0,0.0,0.0,0.0,0.08375745237749019,0.21215646357423296
0.190210027100271,0.7553783091374893,3.980521680216802,5904,13.698375870069606,12.818090904606976,2.424271446162266,0.06936653440963196,0.11821042550280476,0.11273772061841565,0.03871938705705295,0.0023712737127371273,0.0027100271002710027,0.0022018970189701895,0.06216124661246612,43,79.16637622718054,6.136406058147397,8.338797565922922,afc2001001_53539,1917,2008,91,army,0.02215648,-0.018816521,-0.037279304,-0.023824843,0.013288285,-0.058117658,0.02428443,-0.0019471295,0.013315178,-0.010316485,0.9999,0.109,0.05,0.841,0.0,0.0,0.0,0.0,0.0,0.0,0.05409404801052285,0.2111147648799737
0.17759778743579613,0.7344304807500498,3.862109838008692,5062,15.293051359516616,12.534493075951586,2.587194608256108,0.07952822240943555,0.13125526537489468,0.11575400168491996,0.03352990732940185,0.0,0.0019755037534571317,0.0,0.07032793362307388,43,81.96034395153413,6.226140316591756,8.544146961110027,afc2001001_20716,1921,2004,83,navy,-0.07319254,0.008294161,0.075136825,0.043276817,0.0071221394,-0.032389037,0.0092679225,-0.007965984,-0.040031992,-0.0043767164,0.9937,0.083,0.071,0.846,0.0,0.0,0.0,0.0,0.0,0.0,0.06402146827678742,0.2267586735671842
0.12777557494052338,0.7332543081980276,3.874603489294211,10088,12.562889165628892,8.254179219746856,2.069021650659287,0.06128927234250366,0.11875305225459873,0.1164740354875468,0.03003418525150578,0.0,0.005154639175257732,0.0024781919111816018,0.05908009516256939,45,86.19083680402426,4.628159614310366,6.96229893362273,afc2001001_01695,1920,2002,82,army,-0.023122216,0.0056042126,-0.010955072,0.0132515775,-0.0028044179,0.040252827,-0.014610311,-0.05546844,0.021590672,0.026688917,-0.9999,0.058,0.083,0.859,0.0,0.0,0.0,0.0,0.0,0.0,0.05112868994790662,0.2328767123287671
0.2194513715710723,0.7234999999999999,4.058742033804378,3609,15.292372881355933,12.771264466150146,2.501931379231993,0.06339468302658487,0.12451715519200182,0.0977050670302204,0.036582594864803454,0.0002770850651149903,0.013854253255749516,0.0,0.07592130784150734,30,74.7789345269923,7.069854926561451,9.488864100943792,afc2001001_19006,1913,2004,91,army,-0.0032881573,-0.075648874,-0.032740302,0.0062195305,-0.04160642,-0.030974595,0.015777683,-0.035611957,0.0035721858,-0.015856758,0.9996,0.102,0.047,0.85,0.0,0.0,0.0,0.0,0.0,0.0,0.0661764705882353,0.2173202614379085
0.15986842105263158,0.7328801193831869,3.8009868421052633,6080,9.411764705882353,6.046577542857479,1.8576657177714517,0.06316931001762234,0.11020740138267589,0.12091636166463332,0.02819574352717907,0.0003289473684210526,0.006578947368421052,0.0024671052631578946,0.08667763157894737,38,89.83508710618781,3.3172806517345776,5.418668746313799,afc2001001_20436,1925,2004,79,army,-0.064280786,0.062372155,-0.024887638,0.09006785,-0.031208854,0.01973104,0.036321905,-0.0064545493,0.013458836,0.006764119,0.9963,0.073,0.059,0.868,0.0,0.0,0.0,0.0,0.0,0.0,0.07683688170321755,0.19145189691051706
0.14609146204100024,0.7280280892513309,3.859990988961478,8878,12.262430939226519,8.744069665294813,2.128555897807574,0.05472005798151839,0.10944011596303678,0.108987135350607,0.02690704837832941,0.00011263798152737103,0.0051813471502590676,0.003379139445821131,0.07636855147555756,43,85.25434585204516,4.674373887543332,6.969875686053304,afc2001001_20422,1924,2004,80,army,-0.049853377,0.04638443,-0.040705014,0.03370681,-0.013697271,0.025280599,0.022270644,-0.028109983,0.015237527,-0.008042156,0.9994,0.082,0.063,0.855,0.0,0.0,0.0,0.0,0.0,0.0,0.066659357526587,0.22738734787852208
0.19226793467025016,0.7440016708437761,3.9189580318379162,4837,15.258675078864353,11.960079318224096,2.446852073025081,0.07183074560655178,0.11909230506739464,0.12677017573792868,0.03275891486094523,0.0002067397146991937,0.0024808765763903247,0.001447178002894356,0.08683068017366136,40,79.10910167714363,6.403770622616708,8.68647244611266,afc2001001_11308,1921,2004,83,army,0.08652175,-0.021708587,-0.014344799,-0.08159037,0.0012040864,-0.026522992,-0.0040324186,-0.006123956,-0.050331954,0.005185762,0.9998,0.12,0.069,0.811,0.0,0.0,0.0,0.0,0.0,0.0,0.07772855416834475,0.20962545308095046
0.14417016806722688,0.7271547508920311,3.733849789915966,7616,16.30835117773019,13.755714983663772,2.3797955369902164,0.08552269979113994,0.08926019566890184,0.13378036715400682,0.03275805210508959,0.0,0.0010504201680672268,0.0015756302521008404,0.09545693277310924,43,84.25233870432385,6.0041285570979674,8.4489007233442,afc2001001_07705,1923,2003,80,army,-0.0073106717,0.042245116,-0.029399183,-0.0025675725,-0.018306801,0.019084247,0.0119093815,-0.0075509003,-0.051261347,0.013099864,1.0,0.123,0.047,0.829,0.0,0.0,0.0,0.0,0.0,0.0,0.08370779304146873,0.19655925022467582
0.16321794623863856,0.739328387348692,3.9019532005414814,5171,15.253687315634219,11.974676191218256,2.486294743631087,0.06965495001612383,0.1127055788455337,0.10561109319574331,0.04482425024185747,0.0011603171533552505,0.002707406691162251,0.0015470895378070005,0.07658093212144652,40,76.55293653330111,6.903045902543827,9.411233882858907,afc2001001_52743,1926,2008,82,army,0.00554081,-0.056312647,0.0040574484,-0.008622667,-0.040649027,0.013579958,0.025764022,-0.016591087,-0.038187064,-0.0018414963,0.9997,0.106,0.065,0.829,0.0,0.0,0.0,0.0,0.0,0.0,0.06763469621704242,0.246083301490256
0.2330522765598651,0.7311659807956103,3.8293423271500844,2965,8.057065217391305,6.040128856609131,1.8237179487179487,0.049679487179487176,0.10924145299145299,0.11351495726495726,0.030715811965811964,0.0003372681281618887,0.008431703204047217,0.0,0.09713322091062394,35,86.95994846741026,3.547867630598244,5.80013080674401,afc2001001_57091,1926,2008,82,navy,0.024184186,-0.048487805,0.062508434,0.018845227,0.0036825899,0.00660692,0.001310556,-0.020491373,0.0071403766,-0.038174618,0.5496,0.068,0.064,0.867,0.0,0.0,0.0,0.0,0.0,0.0,0.08462298320711228,0.20052683569311822
0.15237846314688971,0.7494541628304617,3.8242289597490853,7652,10.55448275862069,8.336301828792982,1.942804238247094,0.062442135582758976,0.10811644892500771,0.11943215718547474,0.03332990433083016,0.00013068478829064296,0.004051228437009932,0.0005227391531625719,0.08350757971772085,47,87.8610812429489,3.856763800096882,6.170949265908666,afc2001001_20421,1923,2004,81,air force,-0.0056939665,0.07416523,0.03157907,0.000113084425,-0.030582437,-0.007241132,0.004304118,0.057519745,-0.014710378,-0.036469117,0.9985,0.071,0.057,0.871,0.0,0.0,0.0,0.0,0.0,0.0,0.07180543044653198,0.20241925106163944
0.13032688687318159,0.7177004382572829,3.9975183980831765,11686,24.094845360824742,20.18918956995428,2.991681109185442,0.07084922010398613,0.10426343154246101,0.11521663778162912,0.029393414211438474,0.0,0.007359233270580181,0.0016258771179188773,0.07496149238404928,46,68.00843066987564,10.23758863101612,12.571045972401661,afc2001001_10456,1925,2004,79,army,-0.09611152,-0.026649052,-0.09368559,-0.0058746138,-0.03064847,-0.03923732,0.021794112,-0.015252476,0.049957816,0.0014914704,0.9999,0.084,0.052,0.864,0.0,0.0,0.0,0.0,0.0,0.0,0.0660774758404229,0.23284050549269017
0.1304029304029304,0.7392475393248091,3.804304029304029,10920,12.297297297297296,8.969386969314458,2.077357261741081,0.06295679861060859,0.10977639481872783,0.12352558072219408,0.02330125189955858,0.0,0.0056776556776556774,0.0019230769230769232,0.08635531135531135,52,87.78620961727069,4.39254831832837,6.696160870906727,afc2001001_18260,1926,2005,79,army,-0.018649012,0.04242187,-0.033884883,0.02025263,0.031983774,0.018600922,-0.0048153354,-0.0068122814,0.035330825,0.017129947,0.9999,0.074,0.043,0.883,0.0,0.0,0.0,0.0,0.0,0.0,0.07400546881891153,0.2078151186380877
0.13950953678474115,0.7432387555879938,3.9434150772025434,11010,15.420168067226891,11.276630452822001,2.3771066368381804,0.06853094705443699,0.11058911260253543,0.12319164802386279,0.034601043997017154,0.0,0.0014532243415077202,0.0023614895549500456,0.07965485921889191,51,79.39604032388053,6.265223872711637,8.523611361118501,afc2001001_07607,1923,2003,80,army,0.018626668,0.013715467,-0.054189652,-0.0017466642,0.04424602,-0.008597577,0.0066337786,0.012113703,0.032317657,0.0056425547,0.9955,0.066,0.059,0.875,0.0,0.0,0.0,0.0,0.0,0.0,0.06725567976920303,0.22908402452217816
0.19784623090408215,0.7542547562051153,4.052466816929627,7986,16.264765784114054,12.89433640400008,2.60188312352881,0.05772182990482039,0.13376317674751817,0.11349913007880462,0.042574966738307234,0.00012521913348359628,0.0033809166040570998,0.0027548209366391185,0.06235912847483095,44,76.310262052045,6.827297552034846,9.160744394852923,afc2001001_05232,1926,2003,77,marine corps,-0.0022184146,0.0059282314,0.033154976,-0.02803992,0.008724662,-0.07998296,-0.011031646,-0.0411429,-0.02636234,0.055765208,0.9995,0.082,0.061,0.857,0.0,0.0,0.0,0.0,0.0,0.0,0.05439072520966946,0.22989639861864825
0.17845117845117844,0.7287129066857347,4.026404394825447,5643,11.46951219512195,7.869171954006419,2.1681703889957107,0.06019819553320515,0.12365034758171868,0.11270522112113593,0.03076467978109747,0.0,0.003012581959950381,0.001417685628211944,0.08222576643629276,44,80.72811299110987,5.067622507180868,7.512990199425531,afc2001001_05397,1923,2003,80,navy,0.007102208,-0.005674045,-0.007995705,-0.03067108,-0.029812096,0.015044988,0.034616183,-0.027677953,-0.03151952,-0.006176701,0.9996,0.086,0.053,0.861,0.0,0.0,0.0,0.0,0.0,0.0,0.07461391636300538,0.2245358320319278
0.13876967095851217,0.7508068225373706,3.9030042918454937,10485,16.28105590062112,13.289194279540036,2.440733515411627,0.05641825985173625,0.12142021069059696,0.11970347249317206,0.03035505267264924,0.0,0.0019074868860276585,0.00019074868860276584,0.08087744396757272,44,80.59701638311282,6.333535809734887,8.559682891473518,afc2001001_05546,1925,2003,78,navy,-0.08315333,0.046985764,0.07073644,-0.024732322,-0.010050031,0.002227737,-0.061476897,0.052754596,-0.01906196,0.0013137175,0.9998,0.074,0.054,0.872,0.0,0.0,0.0,0.0,0.0,0.0,0.06984097461173626,0.22589044917697387
0.1969883979264379,0.74976011994003,3.9516168847198223,4051,23.552325581395348,26.363572589995275,3.1454129394632826,0.0542958185978781,0.12190555439983358,0.10193467859371749,0.03494903266070314,0.0017279684028634905,0.005924463095531967,0.0029622315477659837,0.06294742039002715,37,62.946025709425115,12.907690882918434,15.236508591618767,afc2001001_01508,1926,2002,76,army,-0.105770856,-0.033653382,-0.10652906,0.03958603,-0.07926382,-0.02880581,-0.029889934,-0.032908544,-0.008180899,0.00605224,0.9995,0.101,0.06,0.839,0.0,0.0,0.0,0.0,0.0,0.0,0.056041617403641525,0.2442657838732561
0.14494140157856972,0.733751954769638,3.933628318584071,8362,20.800995024875622,17.45869892529665,2.9279483037156706,0.06440495422724825,0.11922455573505654,0.11147011308562198,0.04448034464189553,0.0,0.0031093039942597465,0.002272183688112892,0.07904807462329586,41,69.94586509286992,9.905430012530719,12.126222942203034,afc2001001_20425,1926,2004,78,army,-0.064484164,-0.016919883,-0.08123758,0.0135137085,-0.044527892,0.01193192,0.016636219,-0.006226068,-0.025072532,0.018884774,0.996,0.068,0.059,0.872,0.0,0.0,0.0,0.0,0.0,0.0,0.07519416333254883,0.22993645563662038
0.17280046003450258,0.7476183581873462,3.8795284646348476,6956,9.742296918767506,6.797241843935559,1.9020239190432382,0.046803127874885005,0.11821527138914444,0.1063707451701932,0.034958601655933765,0.0005750431282346176,0.010638297872340425,0.000718803910293272,0.06699252443933296,51,85.02361338845196,4.3908475583618305,6.519829474315604,afc2001001_20724,1922,2004,82,army air forces/corps,0.013222352,0.047385532,0.00059433,-0.012930797,-0.030767916,0.018261325,-0.016802615,0.04228214,-0.026222026,-0.019854773,0.9998,0.093,0.052,0.856,0.0,0.0,0.0,0.0,0.0,0.0,0.057570523891767415,0.2088370754173863
0.1696084398458105,0.7190942622950819,3.727530939338608,4929,11.735714285714286,11.69998619104947,2.174600689007203,0.06373316630128406,0.10084559974945193,0.1260569996868149,0.028813028499843407,0.0,0.007709474538445932,0.0008115236356258876,0.10488942990464598,34,88.5820501613241,4.2600432190881605,6.470995642754822,afc2001001_27521,1923,2005,82,army air forces/corps,-0.024554122,0.06833333,0.022844132,-0.02572348,0.0049881116,0.009954587,0.0044628005,0.03153849,-0.0051700473,-0.041565843,0.9991,0.095,0.065,0.84,0.0,0.0,0.0,0.0,0.0,0.0,0.0907640135647317,0.180131657690006
0.20456769983686787,0.7019098143236074,3.736378466557912,3065,10.31986531986532,9.705184978663556,2.047794117647059,0.06460084033613446,0.09506302521008403,0.12421218487394958,0.02652310924369748,0.0,0.01827079934747145,0.0009787928221859706,0.10864600326264275,38,88.4296047464768,4.324018706567909,6.6497979370113,afc2001001_48907,1920,2007,87,army,0.057571776,-0.009140694,0.007462686,0.032946356,-0.0010988672,0.04143246,0.001261309,-0.0129719265,-0.023664663,-0.032364305,0.9968,0.07,0.049,0.881,0.0,0.0,0.0,0.0,0.0,0.0,0.09691225924793641,0.19076734943442372
0.2484472049689441,0.7711447492904447,4.203726708074534,3220,21.466666666666665,19.938460878970126,3.0553306342780027,0.06180836707152497,0.14331983805668017,0.10472334682860998,0.04588394062078273,0.0,0.0068322981366459624,0.0006211180124223603,0.07701863354037267,40,65.40376123876126,9.755108225108227,12.039351125065412,afc2001001_09513,1925,2004,79,navy,-0.08031617,-0.12527645,0.04679638,0.0390538,0.02444759,-0.04131063,-0.01961475,-0.026448777,-0.022220206,0.02409242,0.9996,0.099,0.043,0.858,0.0,0.0,0.0,0.0,0.0,0.0,0.06904906117504543,0.23107207752877043
0.19741197712910022,0.7113561392791691,3.913933192897984,3323,13.134387351778656,7.6828001601337705,2.1752628943415124,0.05107661492238358,0.12043064596895343,0.11191787681522283,0.030796194291437155,0.0,0.0018055973517905506,0.0003009328919650918,0.07583508877520313,33,83.07034858428537,5.220903090701718,7.745576476014185,afc2001001_48896,1919,2007,88,navy,-0.055411074,-0.004047353,0.040383793,-0.017288493,0.032876454,0.05177789,0.0003992297,-0.0007910043,-0.020108482,-0.030132517,-0.8358,0.052,0.052,0.896,0.0,0.0,0.0,0.0,0.0,0.0,0.06965174129353234,0.22944103014340064
0.14852652259332025,0.7394832586343264,3.760445317616241,7635,8.335152838427948,5.596133654247702,1.725966403562032,0.0706334750050597,0.08814005262092693,0.1369156041287189,0.02509613438575187,0.0,0.004322200392927309,0.0013097576948264572,0.08447937131630648,47,93.6260399348015,2.5025931275276285,4.808014899841879,afc2001001_03525,1925,2003,78,navy,-0.029212974,0.06035767,0.023714341,0.026028946,0.053075958,-0.0020777283,0.010299355,-0.046126395,0.06329492,0.0029256255,0.9984,0.064,0.052,0.885,0.0,0.0,0.0,0.0,0.0,0.0,0.07023581899298917,0.18164435946462715
0.19228587634713556,0.7116068702290076,4.029495178672717,5289,12.50354609929078,9.081421124879192,2.2504383867368087,0.06233062330623306,0.13040012753068708,0.12338593974175036,0.034911525585844094,0.0,0.0017016449234259785,0.003592361505010399,0.08489317451314048,39,78.62973651295219,5.610656237215931,7.917467214001232,afc2001001_82134,1925,2012,87,army,-0.024385085,-0.058035146,-0.021231748,-0.045686286,-0.011322666,0.0045934333,0.012192862,-0.014369999,-0.039495062,0.0015719194,-0.9991,0.06,0.08,0.86,0.0,0.0,0.0,0.0,0.0,0.0,0.07878562115850252,0.23393555596945428
0.12855529315124756,0.7429948400412797,3.7939213471608997,9739,8.52055993000875,5.782986090284512,1.69958714482312,0.055047356917348016,0.09325669877762487,0.1276612968509674,0.031733182222941796,0.00041071978642571105,0.0042098778108635385,0.0028750385049799774,0.08070643803265222,52,91.56686710755808,2.847894479730307,4.957142896827051,afc2001001_23437,1921,2005,84,army,0.0430515,0.010088194,0.001198142,0.007393111,0.022533463,0.016987806,0.034689434,-0.04355359,0.05412459,-0.010731026,0.9998,0.093,0.067,0.84,0.0,0.0,0.0,0.0,0.0,0.0,0.06688563750373246,0.18423409973126306
0.1762324362943558,0.7263421686746988,3.772088592522029,4199,8.693581780538302,6.156457348835646,1.7694059593850826,0.05390017081040045,0.1032453976086544,0.1256405390017081,0.026760296071360788,0.0004763038818766373,0.003334127173136461,0.0021433674684448677,0.08240057156465826,38,92.74117027191615,2.8528161102138476,4.928648715436823,afc2001001_52713,1926,2008,82,army,0.01772952,0.039571717,-0.03390415,0.014229734,0.019134242,0.06572951,0.035632595,-0.057466,-0.023954561,-0.040573455,-0.9996,0.063,0.098,0.84,0.0,0.0,0.0,0.0,0.0,0.0,0.07403136531365313,0.21033210332103322
0.18831317050901622,0.7204524469067405,3.7155900479342616,4381,11.379220779220779,8.385614423698769,2.082530449009271,0.05417196873295765,0.11779676422468642,0.11397927649518269,0.02799491001636066,0.00045651677699155445,0.005934718100890208,0.00022825838849577722,0.07304268431864872,39,89.92558510238678,3.902024161319744,6.0630983323931185,afc2001001_27732,1926,2005,79,navy,0.033147242,0.05059397,0.050405253,-0.003160294,0.03919566,-0.059805717,-0.027728923,-0.017146287,0.015859198,0.01930955,0.9997,0.094,0.044,0.862,0.0,0.0,0.0,0.0,0.0,0.0,0.06192916016930274,0.21519269325016707
0.15733225108225107,0.7179735802805393,3.856872294372294,7392,15.562105263157894,12.176674673086362,2.3355019629837352,0.06561974200785194,0.12058328659562535,0.13090297251822772,0.029164329781267526,0.0,0.002840909090909091,0.0016233766233766235,0.08874458874458875,46,82.55521912851941,5.752538379283809,7.874794099115556,afc2001001_38558,1922,2006,84,army,0.028934788,0.069699384,-0.041774187,-0.01708449,0.037551276,0.0132248,-0.018026873,-0.012392781,0.0076344837,0.04658417,0.9996,0.073,0.049,0.878,0.0,0.0,0.0,0.0,0.0,0.0,0.07865473284513154,0.22091131000813669
0.24048381358946994,0.7579797248370745,3.847029526858769,2811,14.489690721649485,12.46778929912756,2.3786964393482197,0.057332528666264336,0.12492456246228123,0.10893180446590223,0.03952926976463488,0.0,0.0032017075773745998,0.0017787264318747777,0.08609035930273924,33,84.03476742863302,5.556768348660473,7.791142989430661,afc2001001_20409,1912,2004,92,army,-0.013085494,0.014614034,-0.017018888,0.05042216,0.009480125,0.065843105,-0.012172492,0.02479847,-0.019270984,0.0001553274,0.9995,0.084,0.028,0.888,0.0,0.0,0.0,0.0,0.0,0.0,0.07947477539737388,0.23669661368348308
0.14363593268547048,0.7091834545237812,3.8003081298885992,8438,12.141007194244605,7.949316182071144,2.1080155938005136,0.05571931159075782,0.11733384044879719,0.1172387562993249,0.02852524484168489,0.0,0.004266413842142688,0.002844275894761792,0.07513628821995734,43,88.18450571150302,4.220118523537206,6.463623712068707,afc2001001_49679,1925,2007,82,army,0.008571363,0.08892058,-0.023553388,-0.009591804,0.038786232,0.017510187,0.012790694,-0.0043383664,-0.052096903,0.03395125,0.9971,0.058,0.048,0.894,0.0,0.0,0.0,0.0,0.0,0.0,0.063954802259887,0.22892655367231637
0.16786731445803318,0.7514560810810809,3.859607974535098,5969,12.23155737704918,8.864974598032251,2.158378604262432,0.06727956539908066,0.11255049449784092,0.11770441565677671,0.028694804290291125,0.0013402579996649355,0.0035181772491204555,0.0013402579996649355,0.08946222147763444,40,86.0837521938842,4.564192509862757,6.766016706488118,afc2001001_09564,1921,2004,83,army air forces/corps,-0.056107692,0.04053884,0.0089373505,-0.00030881248,-0.06560909,0.049892362,0.009853078,0.037495017,0.009576301,-0.015269679,0.9998,0.084,0.037,0.879,0.0,0.0,0.0,0.0,0.0,0.0,0.08352477847062685,0.2065966524450279
0.1253899567273825,0.6987378640776699,3.8297272818758175,9937,17.808243727598565,18.613041352370153,2.702983034493849,0.0681032403312696,0.09720993808796334,0.11337139181474633,0.028785076787006512,0.001509509912448425,0.024655328569990944,0.00040253597665291336,0.06973935795511724,47,77.21940926919514,8.02460892222135,10.448001692162391,afc2001001_04952,1926,2003,77,navy,-0.07475191,-0.012021651,0.044211518,0.005294877,0.0017588588,-0.012781706,-0.044166185,0.005195696,-0.031079313,0.019747838,0.9991,0.061,0.048,0.891,0.0,0.0,0.0,0.0,0.0,0.0,0.05996113630054594,0.20449708522254095
0.17490664675130693,0.7565964489918748,3.8522778192681106,6695,11.46404109589041,8.8800265394185,2.0495787031383563,0.05592868482110148,0.11173525460984247,0.11991696177799487,0.033703748931493464,0.0,0.0034353995519044063,0.002539208364451083,0.08857356235997013,43,86.291933902663,4.33169120172013,6.463392092742364,afc2001001_00866,1920,2002,82,army,0.0077678724,0.0766854,-0.036272425,0.009320011,0.014591574,0.014567061,0.034421925,-0.014355984,-0.01763224,0.002188138,-0.9994,0.072,0.088,0.84,0.0,0.0,0.0,0.0,0.0,0.0,0.07660516605166051,0.20324723247232473
0.13318102405590646,0.6946753246753247,3.7765085337992206,7441,12.158496732026144,10.466069189343873,2.1251720851424336,0.06830456422747008,0.09075505665572382,0.12019485333050937,0.027215927141798157,0.00013439053890606102,0.018008332213412175,0.0017470770057787931,0.09151995699502755,47,86.53723535978892,4.705007160819605,7.066206569911026,afc2001001_15980,1921,2004,83,army air forces/corps,-0.0494492,0.034907483,-0.0116711175,0.028857581,-0.056471888,0.02168079,-0.032298237,0.009138908,0.0077766227,0.034256883,0.9998,0.081,0.049,0.87,0.0,0.0,0.0,0.0,0.0,0.0,0.07853996224040277,0.19584644430459408
0.15560224089635855,0.7475391341136652,3.8050420168067225,7140,9.558232931726907,6.7362052871014155,1.894201075145831,0.052384764954821,0.11414846162644401,0.12375614777536315,0.03339814708909985,0.0004201680672268908,0.002380952380952381,0.0004201680672268908,0.06610644257703081,47,90.2483066198141,3.388398775787806,5.926221819189401,afc2001001_73732,1923,2010,87,navy,0.037784357,0.013134659,0.02732071,0.0004045428,0.023723813,0.01816871,0.042227373,0.005463546,-0.00036773193,0.036373395,0.9999,0.104,0.039,0.856,0.0,0.0,0.0,0.0,0.0,0.0,0.0601274591299529,0.21626489332224993
0.13616383616383618,0.7437506274470435,3.8547452547452545,10010,15.471406491499227,14.447004953193881,2.5091463414634148,0.06233062330623306,0.11771680216802168,0.11263550135501355,0.035823170731707314,9.99000999000999e-05,0.002197802197802198,0.000999000999000999,0.05744255744255744,50,82.73322350373442,6.182501952303721,8.506493090418122,afc2001001_20993,1921,2005,84,navy,0.011775354,-0.03604434,0.005391519,0.026866028,0.010816312,-0.0017006295,0.008119891,-0.0012541926,0.023501944,0.027714271,1.0,0.108,0.05,0.841,0.0,0.0,0.0,0.0,0.0,0.0,0.05089058524173028,0.22323350949305149
0.141908620301598,0.7369107163064388,3.895903668692325,8886,13.402714932126697,12.354582512961167,2.303887587822014,0.06257611241217799,0.11166276346604216,0.12149882903981264,0.03456674473067916,0.0,0.0038262435291469728,0.0014629754670267836,0.08136394328156651,48,82.52802442029967,5.601325616971042,7.692247286907729,afc2001001_07610,1923,2003,80,army,-0.05077439,0.019945702,-0.028793287,0.036564153,-0.021562716,0.020033393,0.023938812,0.01697807,0.008582913,-0.01719019,0.9998,0.082,0.052,0.866,0.0,0.0,0.0,0.0,0.0,0.0,0.07282199068942585,0.21669252937264466
0.1548357802330861,0.710121988411101,3.7994551233540186,6607,10.355799373040753,8.564546878409628,2.0198176291793315,0.0652887537993921,0.10346504559270517,0.1033434650455927,0.026504559270516717,0.0003027092477675193,0.015892235507794762,0.00015135462388375965,0.09066141970637202,39,86.8587943251622,4.545939218568808,6.934725207512841,afc2001001_23447,1922,2005,83,army air forces/corps,0.025093434,0.031186128,0.0055774143,0.024250172,-0.018909862,0.03202336,0.0046970835,0.013196063,-0.0052007088,0.007600212,0.9997,0.081,0.049,0.87,0.0,0.0,0.0,0.0,0.0,0.0,0.08269394714407502,0.20872406933788007
0.287886467308667,0.7235966735966735,4.025848960973137,1973,12.895424836601308,11.446472984013994,2.5483201990875157,0.05060141020323517,0.10700953961012029,0.09083367897138117,0.03318125259228536,0.0010136847440446021,0.00506842372022301,0.0005068423720223011,0.08008109477952356,31,79.15365496808482,5.888773424003748,8.53699674991948,afc2001001_23457,1918,2005,87,navy,0.004279715,-0.085229374,0.07894055,-0.005856504,0.009867585,-0.021226376,0.026981145,0.00080530485,0.054957535,-0.035499986,0.9957,0.088,0.058,0.855,0.0,0.0,0.0,0.0,0.0,0.0,0.07192118226600985,0.21822660098522167
0.12155270117113713,0.7236739728627004,3.7786173026067247,10588,15.897897897897899,14.311582965995695,2.4566607596887278,0.06602974034979582,0.09469142460898375,0.11996301718160104,0.03343863163571924,9.444654325651681e-05,0.00443898753305629,0.0008500188893086513,0.08698526633925198,43,82.81349965700207,6.171830586553405,8.508078638492824,afc2001001_48891,1922,2007,85,army,0.031299617,0.016872432,-0.048593573,-0.026125608,0.007943773,-0.0017067302,-0.012714275,-0.024163758,0.00938654,-0.0099627795,0.9714,0.084,0.076,0.84,0.0,0.0,0.0,0.0,0.0,0.0,0.07748941652862139,0.20771212957850174
0.10728922716627634,0.71360411311054,3.822014051522248,13664,12.854186265286923,9.92580181856411,2.2190677966101693,0.05817191283292978,0.1101089588377724,0.1296004842615012,0.02887409200968523,0.000585480093676815,0.004171545667447307,0.0009514051522248243,0.08445550351288056,52,86.82145743495853,4.742930919504698,7.004287004175828,afc2001001_20715,1925,2004,79,army air forces/corps,-0.090026796,0.07152724,0.032237947,-0.016384317,-0.06581235,0.010507307,0.003608006,0.05121345,0.006205909,-0.037872057,-0.9979,0.062,0.065,0.873,0.0,0.0,0.0,0.0,0.0,0.0,0.07372549019607844,0.19593582887700534
0.12839774636750026,0.7145252284465634,3.8435306909162796,10117,14.28954802259887,12.46201248446446,2.431254082299151,0.0682560418027433,0.1013226649248857,0.12026453298497713,0.03241345525800131,0.0,0.002569931797963823,0.0008895917762182465,0.09558169417811604,47,82.18487509209932,5.642471589123694,7.954697258897347,afc2001001_23439,1922,2005,83,army air forces/corps,0.0013275514,0.0034035416,0.0003843778,-0.022138486,-0.04630812,0.034444522,-0.0198562,0.06140777,-0.009022607,-0.019980224,0.9999,0.078,0.048,0.874,0.0,0.0,0.0,0.0,0.0,0.0,0.08510843373493976,0.21195180722891566
0.18760890609874153,0.7439523064894449,3.833107454017425,5165,13.592105263157896,9.283796908676495,2.1333010960670533,0.06028368794326241,0.1165377176015474,0.13120567375886524,0.02675693101225016,0.0001936108422071636,0.0025169409486931267,0.0013552758954501452,0.09196515004840271,43,85.76532116739686,5.012466836578877,7.2620923633900265,afc2001001_02227,1915,2002,87,army air forces/corps,-0.03793335,0.053697567,-0.013861254,-0.03741495,-0.0061521004,0.037831847,-0.03981862,-0.0029252253,0.010128778,0.0035714342,0.9994,0.086,0.055,0.859,0.0,0.0,0.0,0.0,0.0,0.0,0.08528620822128313,0.21263926238955053
0.14554317548746518,0.7160126065133652,3.8913649025069637,8616,9.224839400428266,6.258594410025072,1.9177440509649617,0.05227655986509275,0.10801948660296047,0.1154206483042908,0.030822559490350385,0.0,0.003481894150417827,0.001160631383472609,0.07753017641597029,42,85.74813876107505,3.7541859433987526,6.134173367786776,afc2001001_09822,1921,2004,83,navy,0.088230096,-0.011096485,0.012942891,-0.008148969,0.05108473,0.07066967,0.02205769,-0.023222858,0.048175532,-0.031642534,0.9999,0.087,0.042,0.871,0.0,0.0,0.0,0.0,0.0,0.0,0.06207444394008171,0.22889241942805266
0.1247537754432042,0.7129477229462585,3.9153717078864814,13707,14.160123966942148,8.4910125544312,2.2056890090311483,0.061006327947410455,0.13466855071573386,0.1255759660871168,0.027032008355348035,0.0,0.001094331363536879,0.0028452615451958854,0.07353906762967827,50,83.46465959329107,5.233224560895948,7.409785560385848,afc2001001_01025,1918,2002,84,army,-0.074124634,0.083124936,0.0062680417,-0.059019186,-0.015349334,-0.017447866,0.12209712,0.0467536,0.0068072844,0.013700839,-0.9996,0.052,0.061,0.887,0.0,0.0,0.0,0.0,0.0,0.0,0.06390414378432352,0.23521860067042294
0.1656991547000713,0.7519549641760491,4.051736429371626,9819,9.228383458646617,6.87123121714192,2.060717022907264,0.04692157029719833,0.12943881461296092,0.10661670782593886,0.04291918589798178,0.00020368672980955292,0.003971891231286282,0.00010184336490477646,0.09746410021387107,48,78.06139732530222,4.991886299429847,7.1696462745867,afc2001001_10287,1907,2004,97,navy,0.06470632,-0.027510276,0.024207091,0.0069185654,0.033087306,0.029457236,0.03346093,0.0077225873,-0.024959663,-0.010432777,0.9999,0.097,0.054,0.85,0.0,0.0,0.0,0.0,0.0,0.0,0.08863025962399283,0.22470904207699194
0.15299527715635097,0.7528498186820057,4.049465572955506,8046,13.545454545454545,11.140612808531557,2.4034248032333547,0.06275260582854712,0.13667304828759838,0.11359285258455648,0.03914060838119549,0.00012428535918468804,0.003231419338801889,0.0007457121551081282,0.07096694009445688,44,77.35126631977731,6.167004355753416,8.57571209934046,afc2001001_07571,1920,2003,83,navy,-0.08425142,-0.06401461,0.051961206,0.01224317,-0.010057566,-0.017590936,0.020834142,0.022505293,0.014480946,-0.008627994,0.9999,0.112,0.067,0.822,0.0,0.0,0.0,0.0,0.0,0.0,0.06783611383709519,0.21957801766437685
0.24436936936936937,0.75034034416826,3.899774774774775,2664,9.413427561837455,6.412947640445772,1.907181984175289,0.05660377358490566,0.09738283627510651,0.12325015216068168,0.020693852708460133,0.0,0.0011261261261261261,0.00037537537537537537,0.09872372372372372,34,87.39335908054433,3.771610577418169,6.2187339463037885,afc2001001_27608,1922,2005,83,navy,-0.055272322,-0.0006652922,0.06494829,0.008577951,0.023575539,0.013590297,-0.024536595,-0.030230045,0.010331971,-0.050306853,0.7372,0.083,0.073,0.844,0.0,0.0,0.0,0.0,0.0,0.0,0.09084302325581395,0.20203488372093023
0.12285818446955887,0.6951296670958249,3.581662413415968,5486,7.051413881748072,5.866328413490246,1.6539709408943433,0.06150373818592185,0.0747637184370151,0.13598532938355198,0.028212723938496262,0.0036456434560699965,0.005650747356908494,0.0,0.0986146554866934,47,96.57585871382297,2.0374106882514162,4.163707691348384,afc2001001_04828,1906,2003,97,unknown,0.121314906,0.075273946,0.0112470165,0.065150075,0.024755945,-0.0053869453,0.004863687,0.00482485,-0.009203176,-0.02126087,0.9999,0.127,0.061,0.811,0.0,0.0,0.0,0.0,0.0,0.0,0.0890228763965242,0.1587160844121298
0.16919929865575686,0.7274466519499632,4.047048509643483,6844,14.024590163934427,11.233704492967272,2.3463626492942455,0.05513330920497044,0.1179876945349258,0.10544094583182531,0.03667511159367837,0.001315020455873758,0.0035067212156633548,0.0001461133839859731,0.06648158971361777,46,76.12216603332362,6.828374470634149,9.073537971065413,afc2001001_03572,1921,2003,82,navy,0.054985043,-0.0779368,0.0035401904,0.053331897,-0.006932257,0.05863018,-0.01522597,0.009532647,0.008595893,0.073032595,0.9999,0.102,0.043,0.855,0.0,0.0,0.0,0.0,0.0,0.0,0.06046445766071934,0.21707731520815632
0.1852704257767549,0.7612011173184358,3.676179516685846,4345,8.519607843137255,6.021416666345422,1.7405804939606995,0.058409951325040566,0.09428519920677844,0.13106183522624842,0.029565530917613124,0.00023014959723820482,0.003682393555811277,0.0023014959723820483,0.08492520138089758,37,94.78299729253324,2.4710395936345897,4.857382754827022,afc2001001_21007,1921,2005,84,marine corps,0.004479248,0.08824742,0.033168267,-0.021425,0.0031836384,-0.034616422,-0.004183483,-0.065051675,-0.0024596404,-0.00027011088,0.9998,0.127,0.067,0.806,0.0,0.0,0.0,0.0,0.0,0.0,0.0734730673878747,0.18661257606490872
0.21664588528678305,0.722962962962963,3.683291770573566,3208,14.45045045045045,14.39046151726821,2.3867007672634273,0.07263427109974424,0.11150895140664961,0.13657289002557546,0.02506393861892583,0.0009351620947630922,0.015586034912718205,0.0,0.07886533665835412,35,84.55350242916418,6.1471697577928275,8.776836058016242,afc2001001_73349,1926,2010,84,navy,0.05699047,0.054520447,0.03700395,-0.079508014,0.04952912,-0.015392858,-0.0066798725,0.017922875,0.019240513,0.013926518,0.9994,0.09,0.041,0.869,0.0,0.0,0.0,0.0,0.0,0.0,0.06884377758164166,0.20152986172403647
0.20741252302025784,0.7408754365541327,3.830340699815838,4344,10.805970149253731,8.182444754977766,2.006791483113069,0.053597650513950074,0.10903083700440529,0.11490455212922174,0.03395741556534508,0.00023020257826887662,0.002992633517495396,0.0016114180478821363,0.08241252302025782,41,85.90862293782077,4.551258892975927,6.826219686791041,afc2001001_01522,1922,2002,80,army,0.036172148,0.030491067,-0.037820023,0.014967352,0.0016942131,-0.02429705,-0.028169872,-0.017197434,-0.012431593,0.011185481,0.9989,0.096,0.07,0.834,0.0,0.0,0.0,0.0,0.0,0.0,0.07291196388261852,0.2162528216704289
0.1974025974025974,0.7413607525705536,3.9225108225108225,4620,9.956896551724139,8.744350137896243,2.0098039215686274,0.053396358543417365,0.11677170868347339,0.1169467787114846,0.037815126050420166,0.00021645021645021645,0.003463203463203463,0.00021645021645021645,0.0841991341991342,36,85.42882916320764,4.1564097476907556,6.191856748037537,afc2001001_73868,1926,2010,84,army air forces/corps,-0.05288968,0.013004985,0.066712976,-0.012440195,-0.021310544,0.008769717,0.016341101,0.009923862,-0.0048214234,-0.018955572,0.9996,0.106,0.064,0.83,0.0,0.0,0.0,0.0,0.0,0.0,0.07345971563981042,0.2029297716501508
0.16551622852107506,0.7408254437869822,3.83639300925246,6809,13.563745019920319,9.520732269470523,2.136038186157518,0.06312649164677804,0.1026252983293556,0.13102625298329357,0.02899761336515513,0.00044059333235423704,0.006608899985313555,0.0010280511088265531,0.07431340872374798,43,85.04798250684927,5.4529162333383,7.741136953626858,afc2001001_23456,1921,2005,84,army air forces/corps,-0.018943574,0.056279983,-0.03731978,-0.04366167,-0.027200311,0.008307676,-0.05204313,-0.006909517,0.050233286,0.018195383,0.9998,0.079,0.041,0.88,0.0,0.0,0.0,0.0,0.0,0.0,0.06444963583894461,0.19005084512848702
0.15826743774342028,0.7258547008547009,3.8389000354065854,8473,15.294223826714802,14.181586775073052,2.474261992619926,0.0757380073800738,0.11337638376383764,0.1275830258302583,0.037638376383763834,0.0,0.013336480585388883,0.0008261536645816122,0.08462173964357371,40,80.70885157377742,6.351329549110929,8.451291907539995,afc2001001_48908,1921,2007,86,army air forces/corps,0.025702799,0.045623943,0.025947575,-0.036659073,0.01363626,-0.005919487,-0.017103402,0.07049111,0.021895528,0.017668506,0.9999,0.096,0.053,0.851,0.0,0.0,0.0,0.0,0.0,0.0,0.07069580731489741,0.1926851025869759
0.1527129879695556,0.75675188341361,3.953228578443408,8146,13.20259319286872,8.43678714867481,2.263179487179487,0.06656410256410257,0.11887179487179488,0.11764102564102565,0.03405128205128205,0.00012275963663147557,0.0024551927326295114,0.004173827645470169,0.07819788853424994,44,81.17021939644684,5.457678007066072,7.969849531306384,afc2001001_48909,1917,2007,90,army,-0.019499859,0.03510563,-0.034448124,-0.104303665,-0.002311206,-0.0065436447,0.023790332,-0.022144023,0.0045524645,-0.0010859483,0.9922,0.09,0.08,0.83,0.0,0.0,0.0,0.0,0.0,0.0,0.06888246628131021,0.2154383429672447
0.1907920405774483,0.7387709277132164,3.980101443620757,5126,18.985185185185184,12.408172447392282,2.6651222239974435,0.05272407732864675,0.12206422751238218,0.10129413644352132,0.03866432337434095,0.0,0.0074131876706984,0.00019508388607101054,0.07335154116269996,40,75.25526403743315,7.484685828877009,9.66870519968142,afc2001001_01621,1924,2002,78,army air forces/corps,-0.030924378,-0.025787652,-0.07779553,-0.010797315,-0.044906944,-0.019781232,-0.10608403,0.04830212,0.022821194,-0.045231786,0.9983,0.091,0.073,0.835,0.0,0.0,0.0,0.0,0.0,0.0,0.06185965590566402,0.2302339068238933
0.18074424099232134,0.7620288561654023,3.8851151801535737,6772,14.317124735729386,9.865526208858586,2.315258822082872,0.057051518504856756,0.12074265338743391,0.12061969752858724,0.033198081888601995,0.0,0.005906674542232723,0.0007383343177790904,0.07914943886591849,44,81.83460306033618,5.748096497689684,8.030389071184626,afc2001001_20701,1924,2004,80,air force,-0.044681482,0.05602995,0.052136496,-0.041799966,0.019944038,0.042413853,-0.00094937073,0.034925956,0.044962443,0.0056819534,0.9997,0.092,0.058,0.85,0.0,0.0,0.0,0.0,0.0,0.0,0.07048331415420023,0.2107307249712313
0.1765171922040881,0.7229639092941553,3.846617017905245,6311,15.392682926829268,14.069841302065857,2.4364199123033274,0.06087180809904565,0.11516636574671138,0.1098787722465824,0.0315965953056487,0.00015845349389954048,0.006179686262082079,0.0007922674694977025,0.07130407225479322,44,81.75642509603074,6.351443021766968,8.707799273849824,afc2001001_53359,1924,2008,84,army air forces/corps,-0.022856269,-0.0072458773,0.030555625,0.031778075,-0.036755484,0.044588447,0.011382737,0.035430636,0.008675878,-0.01745983,0.9994,0.07,0.042,0.889,0.0,0.0,0.0,0.0,0.0,0.0,0.06455042527339004,0.2206865127582017
0.15743196092114445,0.7495109612141652,4.02665736217725,7165,24.87847222222222,18.94699720856713,3.126273924931643,0.06574695500869998,0.12652249565001242,0.10800397713149391,0.0321899080288342,0.0,0.001256106071179344,0.0006978367062107466,0.05666434054431263,46,69.07931307047343,9.947609184090869,12.26570628535972,afc2001001_33358,1917,2006,89,navy,-0.050848156,-0.111914165,0.06407234,-0.008624745,0.02779356,0.030571923,-0.013479933,0.027623598,0.03125411,0.019514522,0.9999,0.071,0.027,0.901,0.0,0.0,0.0,0.0,0.0,0.0,0.05252918287937743,0.24263479710950528
0.19852216748768473,0.6814740030287734,3.754679802955665,2030,11.340782122905027,9.659051473407594,2.059344894026975,0.07861271676300578,0.0674373795761079,0.130635838150289,0.020809248554913295,0.008866995073891626,0.01083743842364532,0.0,0.07389162561576355,29,81.58617206336999,5.62094463263465,7.58978743546884,afc2001001_03576,1921,2003,82,unknown,0.12375675,-0.024701487,0.022386648,0.020448178,-0.027777689,-0.079011664,-0.07156711,0.0011976216,-0.01757787,-0.08095833,0.9745,0.078,0.061,0.861,0.0,0.0,0.0,0.0,0.0,0.0,0.061386138613861385,0.15346534653465346
0.14653443280588366,0.7465680672268908,3.8609315801203477,8974,15.057046979865772,11.760191952923428,2.5001362274089547,0.07792207792207792,0.10898192716374534,0.12015257469802924,0.03142312233221324,0.0,0.008023178069979943,0.001894361488745264,0.07956318252730109,46,81.0400048625744,6.201562804944611,8.52108802582788,afc2001001_52861,1915,2008,93,army,-0.037414078,-0.038032,0.0072723953,0.028395185,0.006570091,0.009834423,-0.020432368,0.020906236,-0.021532387,0.037832614,0.9997,0.08,0.055,0.865,0.0,0.0,0.0,0.0,0.0,0.0,0.06764011165986687,0.2151599742323384
0.17627022424070393,0.7038917674150835,3.7734885041158104,3523,8.8075,8.19789264079495,1.8656010805943268,0.0610085547050878,0.10085547050877983,0.12246735704637551,0.024763619990995047,0.004541583877377235,0.01107011070110701,0.0,0.06528526823729776,34,90.79462253997544,3.4004658671586725,5.231966127353581,afc2001001_00947,1917,2002,85,unknown,0.10159731,0.057866406,0.007625985,0.068575926,-0.013454265,-0.043033067,-0.04542291,0.0011375945,-0.0044417772,-0.0011952223,0.9999,0.16,0.075,0.765,0.0,0.0,0.0,0.0,0.0,0.0,0.059345535219079315,0.18524681087077094
0.17870884993587002,0.7234737524303305,3.850790936297563,4678,14.80379746835443,12.42494370552894,2.504369538077403,0.06063848760477974,0.1043338683788122,0.11628321740681291,0.02871410736579276,0.0,0.00235143223599829,0.001496365968362548,0.08764429243266353,35,81.56480037105754,6.13214768089054,8.321773654916512,afc2001001_27610,1920,2005,85,army,-0.016765682,-0.007497596,-0.046575706,0.012299145,-0.017138343,0.00087102636,0.013155302,-0.026318725,-0.01434926,-0.0018804242,0.9998,0.106,0.057,0.837,0.0,0.0,0.0,0.0,0.0,0.0,0.07933501683501684,0.22411616161616163
0.15317793542782684,0.7143452901720617,3.8707108730273636,6907,13.181297709923664,10.388243567746148,2.331259537504402,0.056344641389834485,0.11961497828383613,0.10799389599718277,0.03368940016433854,0.0015925872303460258,0.007094252207905024,0.0014478065730418417,0.0739829158824381,46,82.67748062359459,5.594506579264657,8.037263401437711,afc2001001_48901,1922,2007,85,army air forces/corps,-0.014448193,0.03975151,0.0073707653,-0.010677645,-0.034608852,0.017348718,-0.029503757,0.06379391,-7.018881e-05,0.027874867,0.9981,0.054,0.039,0.907,0.0,0.0,0.0,0.0,0.0,0.0,0.06525911708253358,0.23128598848368523
0.16441717791411042,0.7232513943400124,3.6881390593047034,4890,12.868421052631579,11.12907773317878,2.222664675626348,0.07881201260992202,0.1091753774680604,0.13904098224655717,0.027874564459930314,0.00020449897750511248,0.003067484662576687,0.0028629856850715747,0.09897750511247444,39,87.80136952452575,4.590016368795517,7.03127921576174,afc2001001_102918,1926,2016,90,army,0.023456795,-0.005337465,-0.01440171,-0.028212504,-0.004033817,0.02607921,0.0009936893,-0.020862991,-0.01711375,-0.012972458,-0.9922,0.065,0.069,0.866,0.0,0.0,0.0,0.0,0.0,0.0,0.08849557522123894,0.19823008849557522
0.1504394572915778,0.732604970008569,3.7374349347213927,11719,13.22686230248307,9.119435789372037,2.1889942000282927,0.06768991370773801,0.1251945112462866,0.13651152921205262,0.0317583816664309,0.00025599453878317265,0.0038399180817475895,0.0023039508490485536,0.08925676252239952,49,86.36214130474477,4.919835574066635,7.267442213138523,afc2001001_52895,1925,2008,83,marine corps,0.030125216,0.05973868,0.017440306,-0.038668435,0.04301536,-0.025419123,-0.04177625,-0.019530796,-0.011545947,0.015109626,-0.9995,0.063,0.074,0.864,0.0,0.0,0.0,0.0,0.0,0.0,0.07647499375884165,0.19580594158275777
0.19688145782453503,0.7805119453924915,3.9024985910201013,5323,12.919902912621358,10.087043116073485,2.2207055214723925,0.06273006134969325,0.10858895705521472,0.1142638036809816,0.04233128834355828,0.00018786398647379298,0.0026300958106331017,0.0007514559458951719,0.07946646627841443,40,82.1568824829619,5.424695769632223,7.611346472646897,afc2001001_48900,1922,2007,85,navy,-0.069591194,-0.0005487578,0.072453626,-0.013718374,0.011352237,-0.044553753,-0.04633009,-0.02071776,-0.01741507,0.01765164,-0.9968,0.088,0.094,0.817,0.0,0.0,0.0,0.0,0.0,0.0,0.06881996696641586,0.2156358964947697
0.24136886735311933,0.7623977866584691,3.8912780133252576,3302,11.42560553633218,11.279808723597142,2.369747899159664,0.058823529411764705,0.11356542617046819,0.12148859543817526,0.0297719087635054,0.0,0.0036341611144760752,0.0030284675953967293,0.07177468201090248,44,84.82879655748053,4.904373441523056,7.199288959309527,afc2001001_02304,1918,2002,84,army,0.025597947,0.036437206,-0.037213206,-0.029293327,0.0039976332,-0.03253683,-0.01217753,-0.034507565,0.019574497,0.0052611846,0.9979,0.093,0.068,0.839,0.0,0.0,0.0,0.0,0.0,0.0,0.06099706744868035,0.21642228739002933
0.10802645545847962,0.7077356943761272,3.845186576304401,12247,19.1359375,18.581373966854382,2.7541728864160673,0.05970959424616637,0.10571312254037182,0.12430451893065544,0.02612294748269779,0.0,0.0018780109414550503,0.003837674532538581,0.06475055115538499,44,80.55498805011838,7.218999206373493,9.511655007606851,afc2001001_09510,1915,2004,89,army,-0.007947795,0.009247023,0.016364718,-0.008568757,-0.0031975242,-0.0046897084,-0.0052453047,-0.0284333,3.731128e-05,-0.00130588,0.9997,0.068,0.051,0.882,0.0,0.0,0.0,0.0,0.0,0.0,0.05770612179742996,0.2173357809881076
0.2113508720070943,0.751631673665267,4.097842151936152,3383,20.01775147928994,13.871546533396277,2.727367055771725,0.05603112840466926,0.1245136186770428,0.10194552529182879,0.03346303501945525,0.0,0.0008867868755542418,0.0,0.0656222287910139,33,70.7361605395754,8.431111839070827,10.741784421429271,afc2001001_02532,1917,2002,85,navy,-0.013545576,-0.21969453,0.045729864,-0.059849128,0.045757625,0.06249429,-0.038943343,0.012005658,0.017112637,-0.024334835,0.9998,0.098,0.03,0.872,0.0,0.0,0.0,0.0,0.0,0.0,0.059339374451914645,0.2361882490499854
0.24448897795591182,0.7456599897277864,3.9243486973947896,1996,10.731182795698924,10.491819429683316,2.255832662912309,0.06637168141592921,0.11866452131938858,0.1162510056315366,0.038616251005631534,0.001002004008016032,0.00751503006012024,0.0,0.07314629258517034,35,83.4089427796062,5.240260696345057,7.174871528379237,afc2001001_01901,1925,2002,77,unknown,0.10362467,-0.034981534,-0.006698127,0.08288224,-0.013400943,0.02585992,-0.00077735743,0.028699111,-0.031154469,0.0084650675,0.999,0.107,0.055,0.839,0.0,0.0,0.0,0.0,0.0,0.0,0.06634382566585957,0.2135593220338983
0.22353811991117692,0.6914662646061063,3.9374537379718726,2702,10.432432432432432,9.617705593260757,2.1932282545242265,0.05896088733216579,0.09281961471103327,0.11617046117921774,0.026853473438412143,0.0003700962250185048,0.0055514433752775726,0.0011102886750555144,0.09141376757957069,35,83.03712493851452,4.853478165819535,7.36548067989288,afc2001001_07790,1914,2003,89,army,0.04309671,-0.031144265,-0.040694837,0.0079341065,0.006754771,0.027119786,0.0023749284,-0.03489786,0.02780154,-0.028155591,0.9991,0.083,0.039,0.878,0.0,0.0,0.0,0.0,0.0,0.0,0.07398141529664046,0.21443888491779842
0.22407407407407406,0.7525450714118473,4.205555555555556,4320,10.334928229665072,6.788166957344378,2.124129699622041,0.04893574696638154,0.13168888004774218,0.10841456136860951,0.04455937935150189,0.0,0.0016203703703703703,0.0016203703703703703,0.06921296296296296,41,75.66231556685047,5.409470198713532,7.771332184700208,afc2001001_58604,1921,2008,87,marine corps,0.010175418,-0.10398545,0.030520784,-0.04797835,-0.016330943,-0.035195883,0.071216084,-0.041410994,-0.0021976125,-0.025168192,0.9995,0.125,0.091,0.784,0.0,0.0,0.0,0.0,0.0,0.0,0.06476802939825448,0.20670647680293983
0.32122169562927855,0.7629297297297297,4.287519747235387,1899,13.46808510638298,9.47303241531945,2.4930337078651688,0.0498876404494382,0.13168539325842696,0.10606741573033708,0.05303370786516854,0.00105318588730911,0.000526592943654555,0.000526592943654555,0.047919957872564506,39,69.7234637893619,7.02508137870533,9.785946686366856,afc2001001_11154,1916,2004,88,unknown,0.1114722,-0.05005111,0.01484912,0.055712055,-0.029135378,-0.10400189,0.10384174,0.09900752,0.02086698,-0.0027519532,0.9984,0.094,0.041,0.865,0.0,0.0,0.0,0.0,0.0,0.0,0.043933054393305436,0.23640167364016737
0.19242114817336056,0.7631069297843048,3.9244383934649423,4407,11.536649214659686,8.600649389672274,2.092156499165585,0.06137585759317634,0.11533469312071204,0.11904320415353235,0.0391247913962544,0.0040844111640571815,0.002722940776038121,0.0009076469253460404,0.0855457227138643,38,82.75611377572706,4.714116426851234,6.557288567785806,afc2001001_00439,1921,2002,81,unknown,0.109653406,-0.02060797,-0.013642476,0.07621954,0.006625556,-0.0008615497,-0.06052916,0.02121964,-0.019611267,0.032941587,0.9987,0.09,0.072,0.837,0.0,0.0,0.0,0.0,0.0,0.0,0.07657555906934718,0.20103907838265192
0.2075765438505449,0.7508751642575558,3.7267773741567205,3854,8.14799154334038,7.402593767470048,1.9495157634452915,0.05955079332371729,0.09602307850813929,0.12095610962291366,0.038944982485060786,0.0015568240788790867,0.008303061754021795,0.0010378827192527244,0.08847950181629476,41,90.24974315952505,3.3152832067261606,5.382594586621432,afc2001001_73576,1916,2010,94,army,0.08744224,0.032518845,0.011994455,-0.031735845,0.020191686,-0.053372793,0.016756486,0.011277812,-0.053807903,-0.025928022,0.9999,0.156,0.076,0.768,0.0,0.0,0.0,0.0,0.0,0.0,0.07518415036830074,0.1793243586487173
0.2109935131444179,0.7473472222222222,3.8487538409013315,2929,6.626696832579186,5.127206505998012,1.5695364238410596,0.04,0.12079470198675497,0.11390728476821192,0.03258278145695364,0.004779788323659952,0.004438374871969956,0.0,0.06384431546602937,35,91.44515685006586,2.609739529528664,4.59014107831463,afc2001001_15330,1922,2004,82,unknown,0.096063964,-0.008398081,-0.0119661335,0.094534956,-0.035276536,-0.026407674,-0.0016654496,-0.034682702,0.018694606,-0.015167922,0.9991,0.141,0.093,0.766,0.0,0.0,0.0,0.0,0.0,0.0,0.059345156889495224,0.17803547066848568
0.2128205128205128,0.7230745260971176,4.0312820512820515,3900,9.82367758186398,7.0306377792988295,1.9421349488197202,0.04345101316064341,0.1232504700229789,0.09609358679757678,0.03446835178608732,0.0002564102564102564,0.0035897435897435897,0.0005128205128205128,0.0835897435897436,33,80.02982454026107,4.860358781451485,7.110966879284274,afc2001001_76193,1924,2011,87,navy,-0.11070615,-0.04691832,0.09546717,0.05196203,0.0034917672,-0.012194311,0.025651427,-0.026592841,0.015845222,-0.00084586046,-0.996,0.08,0.09,0.83,0.0,0.0,0.0,0.0,0.0,0.0,0.0737849408209519,0.23973810123394612
0.25264309150565073,0.7385152190051967,3.967553773240977,2743,22.30081300813008,18.5331761235142,3.0604180274330504,0.0790333115610712,0.11659046374918354,0.1201828870019595,0.03527106466361855,0.002916514764855997,0.005833029529711994,0.0014582573824279985,0.08020415603353992,35,66.1469573939086,10.794290557721649,13.19175001412669,afc2001001_00675,1925,2002,77,army,-0.036747914,-0.09342635,-0.09361709,-0.07121402,-0.03917457,0.003571735,-0.008831101,0.01854564,-0.035643835,-0.0017931275,0.9994,0.11,0.063,0.828,0.0,0.0,0.0,0.0,0.0,0.0,0.07379409647228222,0.2451403887688985
0.21451229183187945,0.7656934896886373,3.789452815226011,2522,10.421487603305785,7.050880099940051,1.92,0.05792,0.11392,0.11936,0.03616,0.0043616177636796195,0.010309278350515464,0.0027755749405233942,0.07295796986518636,37,87.64731724643153,3.966664594756587,6.479215042067175,afc2001001_18871,1919,2004,85,army,0.007956699,0.03039098,0.009874418,-0.043743096,-0.037428472,0.00032731734,0.030336991,0.02601413,-0.027409485,0.0024662022,0.999,0.117,0.068,0.815,0.0,0.0,0.0,0.0,0.0,0.0,0.06015037593984962,0.20973486347447567
0.1370755998189226,0.7329956347762824,3.9856043458578543,11045,16.362962962962964,10.930627990096795,2.438919678401374,0.061977987666848804,0.12020919522285536,0.09647958785418781,0.03887284364998829,9.053870529651426e-05,0.002716161158895428,0.001086464463558171,0.0476233589859665,49,78.46987717472949,6.7712317850545105,9.031743524751098,afc2001001_23450,1925,2005,80,army,0.0052083824,-0.010943285,0.004446668,0.057581183,-0.01196188,-0.008400388,0.047894027,0.011051089,-0.0022523585,0.052431002,0.9999,0.08,0.049,0.87,0.0,0.0,0.0,0.0,0.0,0.0,0.043116557831648625,0.24581805170408802
0.1705045278137128,0.7096121593291403,3.778266494178525,3865,11.170520231213873,10.766966622479643,2.2530025595589684,0.0596574128765505,0.09726324079543217,0.10848592242567434,0.024217365623154165,0.02613195342820181,0.010608020698576973,0.0,0.0851228978007762,34,84.32238878932522,5.562686977660274,7.408594022629547,afc2001001_96131,1926,2014,88,unknown,0.121614784,-0.0019925404,0.014278717,0.048988868,-0.00810708,-0.006812873,-0.013331748,0.024471203,0.0058277273,-0.025985721,0.9999,0.145,0.044,0.812,0.0,0.0,0.0,0.0,0.0,0.0,0.07630227439471754,0.169479090242113
0.18147416913458375,0.747848731132858,3.935176044751563,6078,13.908466819221967,10.52949857363995,2.2777777777777777,0.05806281340723146,0.10464502507257852,0.11520190023752969,0.02903140670361573,0.0003290556103981573,0.003784139519578809,0.0009871668311944718,0.08473181967752551,37,79.34044694526408,6.013363215731641,8.322173752503815,afc2001001_02647,1920,2002,82,navy,-0.019121312,0.04673765,0.06741905,-0.051874995,0.068114705,-0.027472084,-0.04460911,-0.0070013995,0.0022058552,-0.010984251,0.9998,0.102,0.06,0.839,0.0,0.0,0.0,0.0,0.0,0.0,0.0689048760991207,0.20687450039968025
0.14033657053895768,0.7492008928571428,3.865964860256505,13489,12.455216989843029,8.595806168049462,2.160356742070758,0.05935857303171697,0.11139330222668478,0.11653180556375879,0.030712893508948083,0.00044480687967973906,0.0026688412780784343,0.002965379197864927,0.08436503817925717,43,84.73793040697615,4.800531864661533,6.9480665682565395,afc2001001_23455,1918,2005,87,army air forces/corps,0.059415266,0.03925091,-0.0058563193,-0.07583518,0.02461676,-0.0015171665,-0.023291128,0.016581375,-0.005428523,0.010947512,-0.9996,0.057,0.065,0.878,0.0,0.0,0.0,0.0,0.0,0.0,0.07216934223611308,0.22219065208126154
0.22093695777906305,0.7428747433264887,4.0468478889531525,3458,15.034782608695652,12.338296996702097,2.567067307692308,0.05913461538461538,0.11706730769230769,0.109375,0.03701923076923077,0.000578368999421631,0.0031810294968189707,0.002313475997686524,0.06737998843262001,40,78.00629420829499,6.659525771901933,8.75844420271665,afc2001001_52837,1924,2008,84,army,-0.043891154,-0.03595771,-0.07054862,-0.011227732,-0.05052108,-0.036753774,-0.015268055,-0.025143685,0.01665937,-0.03915659,0.9905,0.086,0.073,0.841,0.0,0.0,0.0,0.0,0.0,0.0,0.0614950634696756,0.2307475317348378
0.17429340511440108,0.7353896470057517,4.023665320771647,8916,14.544861337683523,13.118484792519757,2.4469105614596067,0.053794789805323054,0.1249882441455845,0.11106931251763379,0.03376281388131289,0.0,0.0015702108568864963,0.001009421265141319,0.07379991027366532,49,76.57690197455919,6.861379670942558,9.211825904157193,afc2001001_04640,1920,2003,83,wac (women's army corps),0.038312536,-0.07262248,-0.04185603,0.028765133,0.006362441,0.041738607,-0.04678423,0.028301977,0.0128876185,0.0173096,0.9997,0.071,0.047,0.882,0.0,0.0,0.0,0.0,0.0,0.0,0.06795689465581702,0.24378711238179018
0.18326898326898328,0.7111001042752867,3.733075933075933,3885,8.390928725701944,5.769181902888249,1.755227316324573,0.04987531172069826,0.11164396700556302,0.09399577978131594,0.02915787454440821,0.0,0.01673101673101673,0.0,0.09523809523809523,39,91.31004310767499,3.084963509731274,5.66019820814098,afc2001001_07216,1925,2003,78,navy,-0.03744421,0.02124472,0.08158969,0.04404604,0.021169333,-0.0010001922,0.02192521,-0.000201478,0.0038155685,-0.050016645,0.9994,0.091,0.052,0.858,0.0,0.0,0.0,0.0,0.0,0.0,0.07741326410195894,0.1921170639603493
